INSERT INTO users (id, name, age) VALUES
(1, "Bill Gates", 62),
(2, "Tendies", 62),
(3, "Steve", 62),
(4, "Bob", 62),
(5, "sam", 62),
(6, "Linda", 62),
(7, "Karen", 62),
(8, "Johnna", 62),
(9, "Terry", 62),
(10, "Bobby", 62),
(11, "Anderson", 62),
(12, "Bill Gates", 62),
(13, "Bill Gates", 62),
(14, "Bill Gates", 62),
(15, "Bill Gates", 62),
(16, "Bill Gates", 62),
(17, "Bill Gates", 62),
(18, "Bill Gates", 62),
(19, "Bill Gates", 62),
(20, "Bill Gates", 62);

INSERT INTO projects (id, title, category, funding_goal, start_date, end_date) VALUES
(1, 'project 1', 'tendies', 12000,'may 1st', 'june 1st'),
(2, 'project 1', 'tendies', 12000,'may 1st', 'june 1st'),
(3, 'project 1', 'tendies', 12000,'may 1st', 'june 1st'),
(4, 'project 1', 'tendies', 12000,'may 1st', 'june 1st'),
(5, 'project 1', 'tendies', 12000,'may 1st', 'june 1st'),
(6, 'project 1', 'tendies', 12000,'may 1st', 'june 1st'),
(7, 'project 1', 'tendies', 12000,'may 1st', 'june 1st'),
(8, 'project 1', 'tendies', 12000,'may 1st', 'june 1st'),
(9, 'project 1', 'tendies', 12000,'may 1st', 'june 1st'),
(10, 'project 1', 'tendies', 12000,'may 1st', 'june 1st');


INSERT INTO pledges (id, amount, user_id, project_id) VALUES
(1, 10.00, 1, 2),
(2, 20.00, 1, 3),
(3, 40.00, 1, 4),
(4, 50.00, 2, 3),
(5, 10.00, 3, 2),
(6, 20.00, 4, 4),
(7, 40.00, 5, 10),
(8, 60.00, 6, 10),
(9, 50.00, 7, 9),
(10, 700.00, 8, 8),
(11, 1000.00, 8, 7),
(12, 40.00, 9, 6),
(13, 50.00, 9, 3),
(14, 50.00, 10, 4),
(15, 24.00, 12, 1),
(16, 34.00, 11, 1),
(17, 12.00, 13, 6),
(18, 19.00, 14, 5),
(19, 20.00, 15, 5),
(20, 40.00, 16, 6),
(21, 35.50, 17, 7),
(22, 40.00, 18, 8),
(23, 60.00, 19, 9),
(24, 70.00, 20, 10),
(25, 100.00, 20, 4),
(26, 40.00, 19, 1),
(27, 20.00, 18, 6),
(28, 90.00, 17, 9),
(29, 230.00, 16, 6),
(30, 450.00, 15, 5);